niche_name,category,subreddit,subscribers,final_score,quantitative_score,qualitative_score,inside_joke_density,visual_meme_potential,identity_strength,top_themes,sample_meme_concepts,risks,instagram_page_exists,instagram_page_url,notes,status,first_discovered,last_evaluated
Gym Addicts,self_improvement,Fitness,12474059,8.68,100.0,7.8,7,8,9,Beginner mistakes; Fitness victories; Gym stories,Drake meme about skipping leg day vs. actually going to the gym; Expanding brain meme about evolving from 'couch potato' to 'gym addict',"Community may prioritize serious advice and self-improvement over humor, potentially leading to low engagement if memes are seen as too frivolous or niche",,,,new,2026-02-23T21:15:34.613327+00:00,2026-02-23T21:17:03.701984+00:00
Looksmaxxing,self_improvement,looksmaxxing,125000,8.1,82.0,8.2,9,9,9,mewing; bonesmashing; mogging,Expanding brain: skincare -> mewing -> bonesmashing -> surgical intervention; Drake: normie advice vs looksmax protocol,Can veer into unhealthy territory,True,https://instagram.com/looksmax.memes,Competitor exists but room for more,researching,2024-02-23T00:00:00Z,2024-02-23T00:00:00Z
Biohackers,self_improvement,Nootropics,437299,7.5,75.0,7.5,7,8,8,stack optimization; brain fog cures; supplement debates,Drake meme: caffeine vs modafinil; Expanding brain: coffee -> nootropics -> microdosing,Community can be serious about health claims,True,https://instagram.com/biohack.memes,,new,2024-02-23T00:00:00Z,2024-02-23T00:00:00Z
String Theorists,academic_and_science,physicsmemes,344354,7.37,67.3,7.8,8,9,8,Physics concepts and laws; Absurd scientific applications; Historical physics references,"Drake meme comparing classical physics (e.g., Newton's laws) vs. quantum physics (e.g., uncertainty principle); Expanding brain meme showing evolution of atomic theory from Democritus to modern quantum mechanics","Humor is highly niche and requires physics knowledge, which could limit broader appeal; community might overlap with other science meme pages, diluting unique identity",,,,new,2026-02-23T21:15:48.229294+00:00,2026-02-23T21:15:48.229332+00:00
Pomodoro Practitioners,self_improvement,pomodoro,8361,5.4,45.0,6.0,6,7,5,timer anxiety; 25 min struggles; break guilt,Distracted boyfriend: work vs checking timer; This is fine: 3 minutes left,Niche might be too small,False,,,new,2024-02-23T00:00:00Z,2024-02-23T00:00:00Z
Rock Climbing Crew,sports_and_fitness,RockClimbing,48921,5.33,25.2,7.2,6,8,9,Climbing Grades and Difficulties; Scenic Climbing Spots; Personal Climbing Challenges,"Drake meme: Left panel shows easy climb (e.g., 5.4) as 'approved', right panel shows hard climb (e.g., 8b) as 'not for me'; Expanding Brain meme: Starts with 'thinks climbing is just hiking', progresses to 'sends a 5.10 after breaking a foot'","Community might be too focused on safety and serious discussions, making humor about risks or failures seem insensitive; also, niche jargon could limit broader appeal",,,,new,2026-02-23T21:17:59.549846+00:00,2026-02-23T21:17:59.549885+00:00
Soap Making Wizards,hobbies_and_crafts,soapmaking,77977,5.29,21.3,7.4,7,8,9,Glycerin rivers and gel issues; Soap hardening failures; Recipe experiments,Drake meme comparing a perfect soap batch to a disastrous one with glycerin rivers; Expanding brain meme showing levels of soapmaking expertise from beginner mistakes to pro techniques,"Community may be too focused on practical advice and education, potentially viewing humor as secondary; the niche topic could limit broader appeal and engagement outside dedicated members",,,,new,2026-02-23T21:19:14.810211+00:00,2026-02-23T21:19:14.810229+00:00
Tesla Electric Vehicle Owners,vehicles_and_transport,Tesla,62934,5.24,44.1,5.8,4,7,7,Nikola Tesla's inventions; Wireless energy and power; Historical Tesla mishaps,Distracted Boyfriend meme with Tesla ignoring Edison's DC current in favor of his own AC system; Expanding Brain meme showing progression from Edison's ideas to Tesla's wireless power as the ultimate enlightenment,"Community may be too niche and serious, focusing on historical education rather than humor, making memes feel out of place; potential confusion with Tesla the company versus Nikola Tesla the inventor could dilute relevance",,,,new,2026-02-23T21:16:14.546511+00:00,2026-02-23T21:17:13.738452+00:00
Slackline Balancers,sports_and_fitness,Slackline,22337,5.09,22.3,7.0,6,8,8,Beginner struggles; High lining exposure; Trick fails or successes,"Drake meme: Left panel showing someone falling off a slackline as 'beginner attempts', right panel showing mastering a high line as 'pro level'; Expanding brain meme: First panel 'Thinks slacklining is easy', middle 'Realizes the exposure fear', last 'Balances perfectly while juggling'","The community is niche and often serious about safety and technique, so memes might be seen as trivializing risks; low subscriber base could limit engagement and viral potential",,,,new,2026-02-23T21:18:36.667042+00:00,2026-02-23T21:18:36.667098+00:00
Spice Mix Creators,online_subcultures,homecooking,140474,4.99,25.7,6.6,5,8,7,Cooking successes and failures; Ethnic or family recipes; Specific dish attempts like ribs or sandwiches,"Drake meme: Left side showing a failed home-cooked meal, right side showing a successful one; Distracted Boyfriend meme: Boyfriend as a home cook eyeing takeout instead of their own dish","Community may be too focused on practical advice and sharing experiences, making it less receptive to humor if memes are seen as unserious or off-topic; humor could be too niche for broader appeal",,,,new,2026-02-23T21:16:49.178247+00:00,2026-02-23T21:17:37.697782+00:00
Orienteering Navigators,sports_and_fitness,orienteering,5977,4.86,19.6,6.8,6,7,8,Navigation errors; Equipment failures; Age-related challenges,"Drake meme: Left side showing perfect map reading, right side showing mispunching the finish control; Expanding brain: First panel - Using a basic compass, middle - Mastering orienteering, last - Getting lost in your own backyard","Community is niche and relatively small (under 6,000 subscribers), with a focus on practical advice that might make it too serious for widespread meme engagement; humor could be too specific to orienteering lingo, alienating outsiders",,,,new,2026-02-23T21:19:31.197625+00:00,2026-02-23T21:19:31.197648+00:00
Hot yoga warriors,sports_and_fitness,HotYoga,12509,4.82,30.6,6.0,4,8,7,Headstands; Yoga poses and challenges; Mat cleaning and maintenance,Distracted Boyfriend meme where the boyfriend is a yogi ignoring daily life for headstands at high altitude; Expanding Brain meme showing levels from basic yoga to mastering headstands while fasting during Ramadan,"Community might be too serious and wellness-focused, with humor appearing niche or spammy (e.g., 'gyatt babe' titles), potentially limiting broader appeal and engagement due to small subscriber base",,,,new,2026-02-23T21:16:33.593033+00:00,2026-02-23T21:17:26.025061+00:00
Slacklining Balance Artists,sports_and_fitness,Slackline,22337,4.76,23.0,6.4,5,8,7,Beginner struggles; High lining exposure; Slackline tricks and challenges,Drake meme: Left side showing 'Disliking beginner falls' vs Right side 'Loving the thrill of high lining'; Expanding Brain meme: From 'Standing on a backyard slackline' to 'Juggling on a highline in exposure',"Community may be too focused on safety, education, and skill-building, making humor feel niche or inappropriate; small subscriber base could limit viral potential and engagement",,,,new,2026-02-23T21:18:22.999870+00:00,2026-02-23T21:18:22.999901+00:00
British Expats in the US,regional_and_cultural,BritishExpats,2288,4.74,25.4,6.2,4,7,8,"Passport and visa bureaucracy; Expat life struggles (e.g., mental health and relocation); Cultural adaptation and dual nationality challenges",Distracted Boyfriend meme showing a British expat torn between UK traditions and new country customs; This is Fine meme depicting someone calmly dealing with UK passport rule changes while everything burns around them,"Community is relatively small with only 2,288 subscribers and focuses on serious topics like advice and bureaucracy, so it may not engage with humor; existing content is practical rather than joke-oriented, making memes feel out of place or too niche",,,,new,2026-02-23T21:17:48.975334+00:00,2026-02-23T21:17:48.975373+00:00
Ethnobotanists,academic_and_science,Ethnobotany,8405,4.48,19.0,6.2,4,7,7,Psychoactive Plants; Seed Sourcing and Identification; Cultural or Traditional Uses,"Drake meme: Left panel dislikes synthetic drugs, right panel likes ethnobotanical plants like Kratom; Expanding Brain meme: Starts with everyday herbs, progresses to psychoactive seeds, ends with mastering ethnobotany mysteries","Community may be too serious and education-focused, with topics involving legal or safety-sensitive substances like psychoactive plants, making humor hard to package without offending members",,,,new,2026-02-23T21:19:59.832591+00:00,2026-02-23T21:19:59.832619+00:00
Soap Crafters,hobbies_and_crafts,soapmaking,77977,4.45,21.3,6.0,5,7,6,Soap hardening failures; Recipe experimentation outcomes; Ingredient and supplier quirks,"Distracted Boyfriend meme with a soapmaker ignoring a failed batch for a perfect one, captioned 'Me with my soap recipes vs. reality'; This is Fine dog meme in a kitchen with melting soap, captioned 'Hot process soap gone wrong'","Community may be too focused on practical advice and education, making humor feel out of place; niche audience could limit viral potential and engagement",,,,new,2026-02-23T21:19:04.426233+00:00,2026-02-23T21:19:04.426251+00:00
Cold Plunge Advocates,self_improvement,Biohacking,20643,4.42,23.5,5.8,4,7,6,Peptides; Health Optimization Experiments; Blood and Oxygen Metrics,"Drake meme: Left side - Regular gym workout, Right side - Biohacking with peptides for gains; Expanding brain meme: First panel - Drink coffee for energy, Last panel - Use hyperbaric chamber for optimal oxygenation","Community might be too serious and science-focused, making humor feel out of place; topics are niche, limiting broader appeal and viral potential",,,,new,2026-02-23T21:18:09.545668+00:00,2026-02-23T21:18:09.545707+00:00
Vintage Camera Restorers,hobbies_and_crafts,vintagecameras,17027,4.24,19.1,5.8,4,7,7,Struggles with old camera parts and restoration; Authenticity and identification of vintage cameras; Nostalgia for historical photography gear,"Drake meme: Left panel rejecting a modern smartphone camera, right panel approving a vintage Brownie; Expanding brain meme: First panel thinking new cameras are best, last panel realizing the charm of fixing a 1920s Zeiss","Community may be too focused on serious discussions and restoration advice, making humor feel out of place or alienating members who prefer factual content over memes",,,,new,2026-02-23T21:19:45.801955+00:00,2026-02-23T21:19:45.801983+00:00
Inline Skating Fitness Group,sports_and_fitness,inlineskating,8786,4.22,21.4,5.6,3,7,7,Gear and equipment struggles; Skating technique mishaps; Event and location hunting,"Drake meme: Left panel showing someone falling from bad knee bend, right panel showing perfect 'knees over toes' form for smooth skating; Expanding brain meme: First panel thinking inline skates are easy, middle panel dealing with wheel setup issues, last panel mastering urban commuting like a pro","Community appears more focused on serious advice and information sharing than humor, which could make memes feel out of place; the niche topic might limit broader appeal and engagement beyond the small subscriber base",,,,new,2026-02-23T21:18:51.717657+00:00,2026-02-23T21:18:51.717695+00:00
